{"_step": 4035, "_runtime": 83400.41828918457, "_timestamp": 1587933007.518246, "loss": 0.31709543098266807, "epoch": 13, "Organ Dice": 1.0, "BG Dice": 1.0}
