{"loss": 0.6288160126662697, "epoch": 0, "_timestamp": 1587846438.9434643, "_step": 236, "_runtime": 227.3048074245453}
