{"_timestamp": 1588252915.1752374, "_step": 125, "_runtime": 2297.8373951911926, "loss": 0.7508176948641019, "epoch": 0, "BG Dice": 0.3806329369544983, "Organ Dice": 0.05322815850377083, "Validation loss": 0.7335047749443813, "Val BG Dice": 0.4083588719367981, "Val Organ Dice": 9.12209062051085e-16}
