{"_timestamp": 1588249361.2822158, "loss": 0.688234562815308, "epoch": 0, "_runtime": 2965.8596119880676, "_step": 93, "BG Dice": 0.9005233645439148, "Organ Dice": 0.4391978681087494}
