{"_step": 5, "_runtime": 121.68134021759033, "epoch": 0, "loss": 0.6511158566252232, "_timestamp": 1588256506.4954798, "Organ Dice": 0.04382716119289398, "BG Dice": 0.7960768938064575, "Validation loss": 0.6504846742272641, "Val BG Dice": 0.8065050840377808, "Val Organ Dice": 4.705882544400871e-15}
