{"_runtime": 178.25392317771912, "_timestamp": 1587849448.6708956, "_step": 7, "loss": 0.840839170279098, "epoch": 0, "BG Dice": 0.18732395768165588, "Organ Dice": 0.025296632200479507}
